<?xml version="1.0" encoding="UTF-8"?>
<project-private xmlns="http://www.netbeans.org/ns/project-private/1">
    <editor-bookmarks xmlns="http://www.netbeans.org/ns/editor-bookmarks/2" lastBookmarkId="0"/>
    <open-files xmlns="http://www.netbeans.org/ns/projectui-open-files/2">
        <group>
            <file>file:/C:/Users/alfi/OneDrive/Documents/NetBeansProjects/AP_Fighting/src/DAOdataGame/dataGameDAO.java</file>
            <file>file:/C:/Users/alfi/OneDrive/Documents/NetBeansProjects/AP_Fighting/src/view/BattleView.java</file>
            <file>file:/C:/Users/alfi/OneDrive/Documents/NetBeansProjects/AP_Fighting/src/view/TokoView.java</file>
            <file>file:/C:/Users/alfi/OneDrive/Documents/NetBeansProjects/AP_Fighting/src/view/login.java</file>
            <file>file:/C:/Users/alfi/OneDrive/Documents/NetBeansProjects/AP_Fighting/src/view/PemilihanLevel.java</file>
            <file>file:/C:/Users/alfi/OneDrive/Documents/NetBeansProjects/AP_Fighting/src/view/buatAkunView.java</file>
            <file>file:/C:/Users/alfi/OneDrive/Documents/NetBeansProjects/AP_Fighting/src/controller/cekAkun.java</file>
            <file>file:/C:/Users/alfi/OneDrive/Documents/NetBeansProjects/AP_Fighting/src/view/AP_Fighting.java</file>
            <file>file:/C:/Users/alfi/OneDrive/Documents/NetBeansProjects/AP_Fighting/src/controller/Toko.java</file>
            <file>file:/C:/Users/alfi/OneDrive/Documents/NetBeansProjects/AP_Fighting/src/controller/dataGamecontroller.java</file>
            <file>file:/C:/Users/alfi/OneDrive/Documents/NetBeansProjects/AP_Fighting/src/view/PemilihanKarakterView.java</file>
        </group>
    </open-files>
</project-private>
